"ID","Priority","Investor","Country","Region","Segment","Investor Type","Website","Relevant Investments","Typical Ticket","Strategic Fit","How They Could Multiply Circularo","Key Contacts","Company LinkedIn","Personal LinkedIn","Transaction Feasibility","Concerns","Evidence Status","Sources"
"C001","Priority diligence","e&","UAE","UAE/GCC","UAE Corporate / Technology","Telecom / strategic corporate","https://eand.com","9 Dec 2022: Bespin Global minority primary investment and regional JV; US$60m initial primary commitment.","Not publicly established for this mandate; individual precedents/fund size are not typical tickets.","Hypothesis: Enterprise/telco distribution and DigiSign relationship route","Hypothesis: joint enterprise account plans, sovereign/private-cloud bundles and shared services sold through group channels.","Ilya Kiykov — Group Chief Corporate Development Officer","https://www.linkedin.com/company/eandgroup/","Ilya Kiykov: https://www.linkedin.com/in/ilya-kiykov-a0171311/","Minority-plus-commercial-JV precedent verified. Founder-secondary willingness unknown.","Related existing DigiSign channel is management-reported; verify contracts, exclusivity and economic control.","Detailed qualitative research; public evidence and unresolved transaction gates recorded","S796: https://www.eand.com/en/news/09-12-2022-eand-enterprise-forms-joint-venture-with-bespin-global.html [Full official page read]; S369: https://www.eand.com/en/whoweare/senior-management.html [Indexed official source; full-page reading not completed]; D001: https://www.linkedin.com/company/eandgroup/about/ [Authenticated company page read]"
"C002","Priority diligence","G42","UAE","UAE/GCC","UAE Corporate / Technology","AI / sovereign technology group","https://g42.ai","Official group ecosystem and leadership verified; CPX acquisition reported in indexed official result, full article not retrievable.","Not publicly established for this mandate; individual precedents/fund size are not typical tickets.","Hypothesis: Sovereign cloud, cybersecurity and governed AI ecosystem","Hypothesis: package trusted records and approvals within sovereign AI/cloud deployments; Core42 and cybersecurity businesses are potential operating routes.","Peng Xiao — Group Chief Executive Officer; Mansoor Al Mansoori — Chief Executive Officer, G42 International","https://www.linkedin.com/company/g42ai/","Peng Xiao: https://www.linkedin.com/in/reachpeng/; Mansoor Al Mansoori: https://www.linkedin.com/in/mansoor-almansoori-265abb32/","Parent strategic investment route to explore; no applicable minority secondary mandate verified.","Large platform priorities, procurement versus ownership distinction, and dependence on a strategic sponsor.","Detailed qualitative research; public evidence and unresolved transaction gates recorded","S402: https://www.g42.ai/about [Full official page read]; S493: https://g42.ai/about [Indexed official source; full-page reading not completed]; D002: https://www.linkedin.com/company/g42ai/about/ [Authenticated company page read]"
"C003","Strategic exploratory","Mubadala","UAE","UAE/GCC","UAE Strategic / Sovereign","Sovereign investor","https://mubadala.com","No transaction comparable to the mandate was qualified. Sources support business/strategy context only.","Not publicly established for this mandate; individual precedents/fund size are not typical tickets.","Hypothesis: Technology portfolio and international scaling network","Hypothesis: Technology portfolio and international scaling network. Requires an operating sponsor, specific accounts and commercial commitments.","","https://www.linkedin.com/company/mubadala/","","No verified mandate for a Circularo minority founder-secondary investment.","Minority/secondary eligibility, stage, cheque size and enforceable commercial support remain unverified.","Discovery screen; company/strategy context, investment fit not established","S003: https://www.mubadala.com/en/what-we-do/private-equity [Indexed official source; full-page reading not completed]"
"C004","Lower fit / structure risk","MGX","UAE","UAE/GCC","UAE Strategic / Sovereign","AI investment platform","https://mgx.ae","No transaction comparable to the mandate was qualified. Sources support business/strategy context only.","Not publicly established for this mandate; individual precedents/fund size are not typical tickets.","Hypothesis: AI infrastructure ecosystem; smaller-deal relevance unproven","Hypothesis: AI infrastructure ecosystem; smaller-deal relevance unproven. Requires an operating sponsor, specific accounts and commercial commitments.","","https://www.linkedin.com/company/mgxai/","","No verified mandate for a Circularo minority founder-secondary investment.","Size, business adjacency or investment-structure fit needs substantial qualification; customer/channel access alone is insufficient.","Discovery screen; company/strategy context, investment fit not established","S006: https://www.linkedin.com/company/mgxai [Indexed LinkedIn business identity; no applicable transaction mandate verified]"
"C005","Strategic exploratory","International Holding Company","UAE","UAE/GCC","UAE Holding Groups","Holding group","https://ihcuae.com","No transaction comparable to the mandate was qualified. Sources support business/strategy context only.","Not publicly established for this mandate; individual precedents/fund size are not typical tickets.","Hypothesis: Portfolio deployment and UAE enterprise access","Hypothesis: Portfolio deployment and UAE enterprise access. Requires an operating sponsor, specific accounts and commercial commitments.","","https://www.linkedin.com/company/ihc-uae/","","No verified mandate for a Circularo minority founder-secondary investment.","Minority/secondary eligibility, stage, cheque size and enforceable commercial support remain unverified.","Discovery screen; company/strategy context, investment fit not established","S247: https://ihcuae.com [Indexed official source; full-page reading not completed]"
"C006","Strategic exploratory","ADQ","UAE","UAE/GCC","UAE Strategic / Sovereign","Sovereign holding group","https://adq.ae","No transaction comparable to the mandate was qualified. Sources support business/strategy context only.","Not publicly established for this mandate; individual precedents/fund size are not typical tickets.","Hypothesis: Government-linked portfolio adoption","Hypothesis: Government-linked portfolio adoption. Requires an operating sponsor, specific accounts and commercial commitments.","","https://www.linkedin.com/company/adqofficial/","","No verified mandate for a Circularo minority founder-secondary investment.","Minority/secondary eligibility, stage, cheque size and enforceable commercial support remain unverified.","Discovery screen; company/strategy context, investment fit not established","S029: https://www.adq.ae/cdn-assets/documents/681852e525bf426c0136a36a-adq-gmtn-base-prospectus-april-2025.pdf [Indexed official source; full-page reading not completed]"
"C007","Strategic exploratory","Dubai Holding","UAE","UAE/GCC","UAE Holding Groups","Holding group","https://dubaiholding.com","No transaction comparable to the mandate was qualified. Sources support business/strategy context only.","Not publicly established for this mandate; individual precedents/fund size are not typical tickets.","Hypothesis: Dubai enterprise portfolio and government ecosystem","Hypothesis: Dubai enterprise portfolio and government ecosystem. Requires an operating sponsor, specific accounts and commercial commitments.","","https://www.linkedin.com/company/dubai-holding/","","No verified mandate for a Circularo minority founder-secondary investment.","Minority/secondary eligibility, stage, cheque size and enforceable commercial support remain unverified.","Discovery screen; company/strategy context, investment fit not established","S023: https://www.dubaiholding.com/en/our-business/sectors/technology [Indexed official source; full-page reading not completed]"
"C008","Lower fit / structure risk","Investment Corporation of Dubai","UAE","UAE/GCC","UAE Strategic / Sovereign","Sovereign holding group","https://icd.gov.ae","No transaction comparable to the mandate was qualified. Sources support business/strategy context only.","Not publicly established for this mandate; individual precedents/fund size are not typical tickets.","Hypothesis: Financial, aviation and enterprise portfolio adoption","Hypothesis: Financial, aviation and enterprise portfolio adoption. Requires an operating sponsor, specific accounts and commercial commitments.","","https://www.linkedin.com/company/icd-gov-ae/","","No verified mandate for a Circularo minority founder-secondary investment.","Size, business adjacency or investment-structure fit needs substantial qualification; customer/channel access alone is insufficient.","Discovery screen; company/strategy context, investment fit not established","S030: https://icd.gov.ae/wp-content/uploads/2024/12/ICD_Consolidated_FS_YE_2024_Signed.pdf [Indexed official source; full-page reading not completed]"
"C009","Lower fit / structure risk","Majid Al Futtaim","UAE","UAE/GCC","UAE Holding Groups","Operating holding group","https://majidalfuttaim.com","No transaction comparable to the mandate was qualified. Sources support business/strategy context only.","Not publicly established for this mandate; individual precedents/fund size are not typical tickets.","Hypothesis: Retail, property and service workflow deployments","Hypothesis: Retail, property and service workflow deployments. Requires an operating sponsor, specific accounts and commercial commitments.","","https://www.linkedin.com/company/majid-al-futtaim/","","No verified mandate for a Circularo minority founder-secondary investment.","Size, business adjacency or investment-structure fit needs substantial qualification; customer/channel access alone is insufficient.","Discovery screen; company/strategy context, investment fit not established","S037: https://www.majidalfuttaim.com/docs/default-source/reports/maf-holding-consolidated-annual-report-and-accounts-fy-20233a18608c005643078b9e11b343860557.pdf?sfvrsn=2b4e23dc_2 [Indexed official source; full-page reading not completed]"
"C010","Lower fit / structure risk","Al-Futtaim Group","UAE","UAE/GCC","UAE Holding Groups","Operating holding group","https://alfuttaim.com","No transaction comparable to the mandate was qualified. Sources support business/strategy context only.","Not publicly established for this mandate; individual precedents/fund size are not typical tickets.","Hypothesis: Large operating portfolio and enterprise distribution","Hypothesis: Large operating portfolio and enterprise distribution. Requires an operating sponsor, specific accounts and commercial commitments.","","https://www.linkedin.com/company/alfuttaim/","","No verified mandate for a Circularo minority founder-secondary investment.","Size, business adjacency or investment-structure fit needs substantial qualification; customer/channel access alone is insufficient.","Discovery screen; company/strategy context, investment fit not established","S248: https://alfuttaim.com [Indexed official source; full-page reading not completed]"
"C011","Lower fit / structure risk","Al Ghurair","UAE","UAE/GCC","UAE Holding Groups","Operating holding group","https://al-ghurair.com","No transaction comparable to the mandate was qualified. Sources support business/strategy context only.","Not publicly established for this mandate; individual precedents/fund size are not typical tickets.","Hypothesis: Financial/industrial portfolio and transformation","Hypothesis: Financial/industrial portfolio and transformation. Requires an operating sponsor, specific accounts and commercial commitments.","","https://www.linkedin.com/company/alghurair/","","No verified mandate for a Circularo minority founder-secondary investment.","Size, business adjacency or investment-structure fit needs substantial qualification; customer/channel access alone is insufficient.","Discovery screen; company/strategy context, investment fit not established","S241: https://al-ghurair.com [Indexed official source; full-page reading not completed]"
"C012","Strategic exploratory","Al Nowais Investments","UAE","UAE/GCC","UAE Holding Groups","Investment / holding group","https://alnowais.com","No transaction comparable to the mandate was qualified. Sources support business/strategy context only.","Not publicly established for this mandate; individual precedents/fund size are not typical tickets.","Hypothesis: Technology holdings and enterprise introductions","Hypothesis: Technology holdings and enterprise introductions. Requires an operating sponsor, specific accounts and commercial commitments.","","https://www.linkedin.com/company/alnowais-investments/","","No verified mandate for a Circularo minority founder-secondary investment.","Minority/secondary eligibility, stage, cheque size and enforceable commercial support remain unverified.","Discovery screen; company/strategy context, investment fit not established","S033: https://www.alnowais.com/our-businness/our-investment-portfolio/ [Indexed official source; full-page reading not completed]"
"C013","Lower fit / structure risk","Waha Capital","UAE","UAE/GCC","UAE Strategic / Sovereign","Investment company","https://wahacapital.com","No transaction comparable to the mandate was qualified. Sources support business/strategy context only.","Not publicly established for this mandate; individual precedents/fund size are not typical tickets.","Hypothesis: Capital and UAE commercial network; technology fit to qualify","Hypothesis: Capital and UAE commercial network; technology fit to qualify. Requires an operating sponsor, specific accounts and commercial commitments.","","https://www.linkedin.com/company/waha-capital/","","No verified mandate for a Circularo minority founder-secondary investment.","Size, business adjacency or investment-structure fit needs substantial qualification; customer/channel access alone is insufficient.","Discovery screen; company/strategy context, investment fit not established","S265: https://wahacapital.com [Indexed official source; full-page reading not completed]"
"C014","Strategic exploratory","Shorooq","UAE","UAE/GCC","Growth Equity / PE","Technology investment firm","https://shorooq.com","No transaction comparable to the mandate was qualified. Sources support business/strategy context only.","Not publicly established for this mandate; individual precedents/fund size are not typical tickets.","Hypothesis: GCC technology ecosystem; secondary/growth fit unknown","Hypothesis: GCC technology ecosystem; secondary/growth fit unknown. Requires an operating sponsor, specific accounts and commercial commitments.","","https://www.linkedin.com/company/shorooqpartners/","","No verified mandate for a Circularo minority founder-secondary investment.","Minority/secondary eligibility, stage, cheque size and enforceable commercial support remain unverified.","Discovery screen; company/strategy context, investment fit not established","S013: https://www.shorooq.com/ [Indexed official source; full-page reading not completed]"
"C015","Strategic exploratory","Gulf Capital","UAE","UAE/GCC","Growth Equity / PE","Private equity / growth","https://gulfcapital.com","No transaction comparable to the mandate was qualified. Sources support business/strategy context only.","Not publicly established for this mandate; individual precedents/fund size are not typical tickets.","Hypothesis: GCC operating support and technology portfolio","Hypothesis: GCC operating support and technology portfolio. Requires an operating sponsor, specific accounts and commercial commitments.","","https://www.linkedin.com/company/gulf-capital/","","No verified mandate for a Circularo minority founder-secondary investment.","Minority/secondary eligibility, stage, cheque size and enforceable commercial support remain unverified.","Discovery screen; company/strategy context, investment fit not established","S015: https://www.gulfcapital.com/our-businesses [Indexed official source; full-page reading not completed]"
"C016","Priority diligence","stc Group","Saudi Arabia","UAE/GCC","Saudi Strategic Investors","Telecom / technology group","https://stc.com.sa","2024 annual reporting documents technology investment activity; tali ventures early-stage fund launch.","Not publicly established for this mandate; individual precedents/fund size are not typical tickets.","Hypothesis: Enterprise cloud, security and Saudi distribution","Hypothesis: enterprise account distribution plus Saudi cloud/security transformation programmes.","Motaz Al-Angari — Group Chief Investment Officer; Riyadh Muawad — Group Chief Business Officer","https://www.linkedin.com/company/stc/","Motaz Al-Angari: https://www.linkedin.com/in/motaz-al-angari-07174820/; Riyadh Muawad: https://www.linkedin.com/in/riyadhmuawad/","Parent corporate-development route and venture route differ; founder-secondary mandate unknown.","Tali stage mismatch possible; Saudi localisation, existing TCC relationship and channel overlap need review.","Detailed qualitative research; public evidence and unresolved transaction gates recorded","S459: https://www.stc.com/en/investors/governance/executive-management.html [Full official page read]; S020: https://www.stc.com.sa/content/dam/stc/stc-annual-report-2024/assets/img/pdfs/consolidated-financial-statements.pdf [Indexed official source; full-page reading not completed]; A004: https://www.stc.com/content/dam/stc/stc-annual-report-2024/strategy-and-kpis.html [Official source or authenticated page read; see note]; D003: https://www.linkedin.com/company/stc/about/ [Authenticated company page read]"
"C017","Priority diligence","Elm","Saudi Arabia","UAE/GCC","Saudi Strategic Investors","GovTech operating company","https://elm.sa","21 Apr 2025: official announcement of full Thiqah acquisition (indexed official result; full page access restricted).","Not publicly established for this mandate; individual precedents/fund size are not typical tickets.","Hypothesis: Government digital platforms and Saudi expansion","Hypothesis: integrate trusted document execution into Saudi government and business service journeys.","Mohammad bin Abdulaziz Alomair — Chief Executive Officer; Alameen Alhazmi — Group Chief, Integrated Solutions","https://www.linkedin.com/company/elm/","Mohammad bin Abdulaziz Alomair: https://www.linkedin.com/in/alomair/; Alameen Alhazmi: https://www.linkedin.com/in/alameen-alhazmi-664ab31/","Control-acquisition precedent, not evidence of willingness to buy a minority secondary.","Product overlap, procurement concentration, need to preserve founder independence and route parent ownership approval.","Detailed qualitative research; public evidence and unresolved transaction gates recorded","S656: https://elm.sa/en/media-center/news/Pages/Elm-Completes-Full-Acquisition-of-Thiqah-to-Drive-Growth-and-Integration.aspx [Indexed result only; full-page retrieval failed]; S489: https://elm.sa/en/investor-relations/corporate-governance/Pages/executive-management.aspx [Indexed result only; full-page retrieval failed]; D004: https://www.linkedin.com/company/elm/about/ [Authenticated company page read]"
"C018","Priority diligence","SITE","Saudi Arabia","UAE/GCC","Saudi Strategic Investors","Sovereign cybersecurity company","https://site.sa","2024: SITE Ventures subscribed for 10% of AhnLab and SITE established Rakeen JV; completed September/October 2024.","Not publicly established for this mandate; individual precedents/fund size are not typical tickets.","Hypothesis: Cybersecurity, sovereign cloud and digital identity integration","Hypothesis: sovereign-cloud bundles and a structured Saudi operating partnership with dedicated enterprise/public-sector access.","Saad Saleh Alaboodi — Chief Executive Officer","https://www.linkedin.com/company/sitesaudi/","Saad Saleh Alaboodi: Unresolved; no URL guessed","Minority primary investment plus operating JV verified. Founder-secondary acceptance unknown.","Technology-localisation obligations and Saudi domestic priorities; CEO personal LinkedIn not located.","Detailed qualitative research; public evidence and unresolved transaction gates recorded","S341: https://cloud.site.sa/en [Indexed official source; full-page reading not completed]; S579: https://gcforum.org/en/speakers/95fd2cc5-3c86-48f1-991c-1c7b90dfeda1/ [Indexed official source; full-page reading not completed]; A003: https://www.ahnlab.com/jp/contents/content-center/35713 [Official source or authenticated page read; see note]; D005: https://www.linkedin.com/company/sitesaudi/about/ [Authenticated company page read]"
"C019","Strategic exploratory","Technology Control Company","Saudi Arabia","UAE/GCC","Saudi Strategic Investors","Technology / cybersecurity company","https://www.tcc-ict.com","No transaction comparable to the mandate was qualified. Sources support business/strategy context only.","Not publicly established for this mandate; individual precedents/fund size are not typical tickets.","Hypothesis: Mokham and Saudi enterprise/government channel","Hypothesis: Mokham and Saudi enterprise/government channel. Requires an operating sponsor, specific accounts and commercial commitments.","","https://www.linkedin.com/company/technology-control-co-/","","No verified mandate for a Circularo minority founder-secondary investment.","Management reports an existing Mokham channel. Investment mandate and relevant transaction evidence not established; verify exclusivity and ownership route.","Company identity and website verified through authenticated LinkedIn; commercial relationship is management-reported.","A009: https://www.linkedin.com/company/technology-control-co-/about/ [Official source or authenticated page read; see note]"
"C020","Strategic exploratory","Aramco Ventures","Saudi Arabia","UAE/GCC","Saudi Strategic Investors","Corporate investment arm","https://aramcoventures.com","No transaction comparable to the mandate was qualified. Sources support business/strategy context only.","Not publicly established for this mandate; individual precedents/fund size are not typical tickets.","Hypothesis: Enterprise/industrial technology and Saudi relationships","Hypothesis: Enterprise/industrial technology and Saudi relationships. Requires an operating sponsor, specific accounts and commercial commitments.","","https://www.linkedin.com/company/aramcoventures/","","No verified mandate for a Circularo minority founder-secondary investment.","Minority/secondary eligibility, stage, cheque size and enforceable commercial support remain unverified.","Discovery screen; company/strategy context, investment fit not established","S243: https://aramcoventures.com [Indexed official source; full-page reading not completed]"
"C021","Strategic exploratory","Ooredoo","Qatar","UAE/GCC","Wider GCC Strategic Investors","Telecom group","https://ooredoo.com","No transaction comparable to the mandate was qualified. Sources support business/strategy context only.","Not publicly established for this mandate; individual precedents/fund size are not typical tickets.","Hypothesis: GCC enterprise/telco distribution","Hypothesis: GCC enterprise/telco distribution. Requires an operating sponsor, specific accounts and commercial commitments.","","https://www.linkedin.com/company/ooredoo-group/","","No verified mandate for a Circularo minority founder-secondary investment.","Minority/secondary eligibility, stage, cheque size and enforceable commercial support remain unverified.","Discovery screen; company/strategy context, investment fit not established","A010: https://www.linkedin.com/company/ooredoo-group/ [Indexed LinkedIn company source; official homepage retrieval timed out]"
"C022","Strategic exploratory","Zain Group","Kuwait","UAE/GCC","Wider GCC Strategic Investors","Telecom / technology group","https://zain.com","No transaction comparable to the mandate was qualified. Sources support business/strategy context only.","Not publicly established for this mandate; individual precedents/fund size are not typical tickets.","Hypothesis: Regional enterprise digital services","Hypothesis: Regional enterprise digital services. Requires an operating sponsor, specific accounts and commercial commitments.","","https://www.linkedin.com/company/zain/","","No verified mandate for a Circularo minority founder-secondary investment.","Minority/secondary eligibility, stage, cheque size and enforceable commercial support remain unverified.","Discovery screen; company/strategy context, investment fit not established","S072: https://zain.com/SR2024/wp-content/uploads/ZAIN-SR-2024-EN-chapter-02.pdf [Indexed official source; full-page reading not completed]"
"C023","Priority diligence","Beyon","Bahrain","UAE/GCC","Wider GCC Strategic Investors","Telecom / digital group","https://beyon.com","Official leadership page documents digital-company development and acquisitions of Insomea, DTS and Link Development; 2024 report describes national identity work.","Not publicly established for this mandate; individual precedents/fund size are not typical tickets.","Hypothesis: Digital trust through Beyon Connect and enterprise channel","Hypothesis: connect verified identity to auditable approvals across Beyon digital companies and GCC enterprise accounts.","Shaikh Mohamed bin Khalifa Al Khalifa — CEO Beyon Digital Growth; Andrew Kvålseth — Chief Executive Officer Beyon","https://www.linkedin.com/company/beyon-bh/","Shaikh Mohamed bin Khalifa Al Khalifa: https://www.linkedin.com/in/moalkhalifa/; Andrew Kvålseth: https://www.linkedin.com/in/andrew-kv%C3%A5lseth-b5515917/","Strategic operating investment route; minority and secondary preferences not established.","Existing Beyon Connect identity/trust assets may complement or overlap; parent and subsidiary decision routes need testing.","Detailed qualitative research; public evidence and unresolved transaction gates recorded","S302: https://www.beyon.com/our-teams/ [Full official page read]; S703: https://beyon.com/wp-content/uploads/2025/03/Final-English-Beyon-AR2024.pdf [Indexed official source; full-page reading not completed]; D006: https://www.linkedin.com/company/beyon-bh/about/ [Authenticated company page read]"
"C024","Strategic exploratory","Omantel","Oman","UAE/GCC","Wider GCC Strategic Investors","Telecom group","https://omantel.om","No transaction comparable to the mandate was qualified. Sources support business/strategy context only.","Not publicly established for this mandate; individual precedents/fund size are not typical tickets.","Hypothesis: Oman enterprise/government services and distribution","Hypothesis: Oman enterprise/government services and distribution. Requires an operating sponsor, specific accounts and commercial commitments.","","https://www.linkedin.com/company/omantel/","","No verified mandate for a Circularo minority founder-secondary investment.","Minority/secondary eligibility, stage, cheque size and enforceable commercial support remain unverified.","Discovery screen; company/strategy context, investment fit not established","S070: https://www.omantel.om/wcm/connect/fc017be1-5455-4642-bdaa-e0a0e8669b5e/2195648_Omantel%2BRoadshow%2BIP%2BJune-23_vf%2B%28Website%29.pdf?MOD=AJPERES [Indexed official source; full-page reading not completed]"
"C025","Strategic exploratory","Investcorp","Bahrain","UAE/GCC","Wider GCC Strategic Investors","Alternative investment / technology PE","https://investcorp.com","No transaction comparable to the mandate was qualified. Sources support business/strategy context only.","Not publicly established for this mandate; individual precedents/fund size are not typical tickets.","Hypothesis: Technology scaling and GCC/global portfolio","Hypothesis: Technology scaling and GCC/global portfolio. Requires an operating sponsor, specific accounts and commercial commitments.","","https://www.linkedin.com/company/investcorp/","","No verified mandate for a Circularo minority founder-secondary investment.","Minority/secondary eligibility, stage, cheque size and enforceable commercial support remain unverified.","Discovery screen; company/strategy context, investment fit not established","S237: https://www.investcorp.com/investcorp-takes-strategic-stake-in-metra-expanding-into-the-gccs-high-growth-it-distribution-market/ [Indexed official source; full-page reading not completed]"
"C026","Strategic exploratory","Microsoft / M12","United States","United States","International Strategic Technology Investors","Strategic corporate / venture","https://m12.vc","No transaction comparable to the mandate was qualified. Sources support business/strategy context only.","Not publicly established for this mandate; individual precedents/fund size are not typical tickets.","Hypothesis: Enterprise ecosystem, Azure and governed AI integration","Hypothesis: Enterprise ecosystem, Azure and governed AI integration. Requires an operating sponsor, specific accounts and commercial commitments.","","https://www.linkedin.com/company/microsoft/","","No verified mandate for a Circularo minority founder-secondary investment.","Minority/secondary eligibility, stage, cheque size and enforceable commercial support remain unverified.","Discovery screen; company/strategy context, investment fit not established","S254: https://m12.vc [Indexed official source; full-page reading not completed]"
"C027","Priority diligence","ServiceNow / ServiceNow Ventures","United States","United States","International Strategic Technology Investors","Workflow corporate / venture","https://servicenow.com","20 May 2025: led TrustCloud's US$15m total strategic round, with Cisco and other investors.","Not publicly established for this mandate; individual precedents/fund size are not typical tickets.","Hypothesis: Enterprise workflows and agentic action/evidence integration","Hypothesis: add signing, delegated authority and evidence records to enterprise workflow and AI-agent actions.","Gina Mastantuono — President and Chief Financial Officer","https://www.linkedin.com/company/servicenow/","Gina Mastantuono: https://www.linkedin.com/in/gina-mastantuono/","Corporate venture activity established. Individual cheque, secondary allocation and stage eligibility not established.","Pure founder liquidity may not match a venture investment mandate; strong platform integration evidence needed.","Detailed qualitative research; public evidence and unresolved transaction gates recorded","S041: https://www.servicenow.com/company/ventures.html [Indexed official source; full-page reading not completed]; A002: https://www.trustcloud.ai/press/trustcloud-raises-15m-in-strategic-funding-led-by-servicenow/ [Official source or authenticated page read; see note]; D007: https://www.linkedin.com/company/servicenow/about/ [Authenticated company page read]"
"C028","Strategic exploratory","Salesforce Ventures","United States","United States","International Strategic Technology Investors","Corporate venture","https://salesforceventures.com","No transaction comparable to the mandate was qualified. Sources support business/strategy context only.","Not publicly established for this mandate; individual precedents/fund size are not typical tickets.","Hypothesis: CRM distribution and enterprise AI workflows","Hypothesis: CRM distribution and enterprise AI workflows. Requires an operating sponsor, specific accounts and commercial commitments.","","https://www.linkedin.com/company/salesforce-ventures/","","No verified mandate for a Circularo minority founder-secondary investment.","Minority/secondary eligibility, stage, cheque size and enforceable commercial support remain unverified.","Discovery screen; company/strategy context, investment fit not established","S045: https://salesforceventures.com/wp-content/uploads/2025/05/Salesforce-Ventures-FAQ.pdf [Indexed official source; full-page reading not completed]"
"C029","Strategic exploratory","Workday Ventures","United States","United States","International Strategic Technology Investors","Corporate venture","https://ventures.workday.com","No transaction comparable to the mandate was qualified. Sources support business/strategy context only.","Not publicly established for this mandate; individual precedents/fund size are not typical tickets.","Hypothesis: HR/finance workflows and trusted approvals","Hypothesis: HR/finance workflows and trusted approvals. Requires an operating sponsor, specific accounts and commercial commitments.","","https://www.linkedin.com/company/workdayventures/","","No verified mandate for a Circularo minority founder-secondary investment.","Minority/secondary eligibility, stage, cheque size and enforceable commercial support remain unverified.","Discovery screen; company/strategy context, investment fit not established","S257: https://ventures.workday.com [Indexed official source; full-page reading not completed]"
"C030","Priority diligence","Okta Ventures","United States","United States","International Strategic Technology Investors","Identity corporate / venture","https://okta.com","Official venture materials and Aembit portfolio interview evidence identity/workload-security investments.","Not publicly established for this mandate; individual precedents/fund size are not typical tickets.","Hypothesis: Identity plus delegated authority and action evidence","Hypothesis: identity-to-authorisation-to-execution integration and enterprise co-selling in regulated GCC markets.","Austin Arensberg — VP, Okta Ventures","https://www.linkedin.com/company/okta-inc-/","Austin Arensberg: https://www.linkedin.com/in/austinarensberg/","Venture investing in identity, privacy and security verified; secondary and cheque fit unknown.","Circularo must demonstrate differentiated action/transaction trust beyond identity authentication; growth/primary capital expectations.","Detailed qualitative research; public evidence and unresolved transaction gates recorded","S271: https://www.okta.com/en-gb/blog/company-and-culture/founders-in-focus-itai-gafni-ceo-of-huskeys/ [Indexed official source; full-page reading not completed]; S668: https://www.okta.com/en-nl/blog/company-and-culture/founders-in-focus-david-goldschlag-of-aembit/ [Indexed official source; full-page reading not completed]; D008: https://www.linkedin.com/company/okta-inc-/about/ [Authenticated company page read]"
"C031","Strategic exploratory","Ping Identity","United States","United States","International Strategic Technology Investors","Identity operating company","https://pingidentity.com","No transaction comparable to the mandate was qualified. Sources support business/strategy context only.","Not publicly established for this mandate; individual precedents/fund size are not typical tickets.","Hypothesis: Identity platform and regulated-enterprise channel","Hypothesis: Identity platform and regulated-enterprise channel. Requires an operating sponsor, specific accounts and commercial commitments.","","https://www.linkedin.com/company/ping-identity/","","No verified mandate for a Circularo minority founder-secondary investment.","Minority/secondary eligibility, stage, cheque size and enforceable commercial support remain unverified.","Discovery screen; company/strategy context, investment fit not established","S053: https://www.pingidentity.com/en/company.html [Indexed official source; full-page reading not completed]"
"C032","Priority diligence","Entrust","United States","United States","International Strategic Technology Investors","Identity / digital-trust company","https://entrust.com","2024: Onfido acquisition completed, adding identity verification to signing and identity security.","Not publicly established for this mandate; individual precedents/fund size are not typical tickets.","Hypothesis: PKI, signing and identity plus GCC deployment","Hypothesis: combine identity verification and cryptographic trust with sovereign document workflows and regional deployment.","Tony Ball (Anthony Ball) — Chief Executive Officer","https://www.linkedin.com/company/entrust/","Tony Ball (Anthony Ball): https://www.linkedin.com/in/anthony-ball-889391/","Strategic acquisition activity established; minority founder-secondary approach remains unverified.","Direct product overlap, acquisition bias and new leadership priorities; preserve IP, regional independence and roadmap ownership.","Detailed qualitative research; public evidence and unresolved transaction gates recorded","S723: https://www.entrust.com/es/resources/learn/entrust-completes-acquisition-of-onfido [Full official page read]; S356: https://www.entrust.com/company/leadership [Full official page read]; D009: https://www.linkedin.com/company/entrust/about/ [Authenticated company page read]"
"C033","Priority diligence","OneSpan","United States","United States","International Strategic Technology Investors","Digital agreement / identity company","https://onespan.com","2 Mar 2026: completion of Build38 acquisition announced; filed closing date is 27 Feb 2026.","Not publicly established for this mandate; individual precedents/fund size are not typical tickets.","Hypothesis: Secure agreements and regulated financial workflows","Hypothesis: regulated banking customers, secure mobile approvals and sovereign transaction evidence deployments.","Victor Limongelli — Chief Executive Officer","https://www.linkedin.com/company/onespan/","Victor Limongelli: https://www.linkedin.com/in/victorlimongelli/","Control technology acquisition precedent; minority secondary appetite unknown.","Competing agreement/signature products and possible preference for acquisition; integration economics must be explicit.","Detailed qualitative research; public evidence and unresolved transaction gates recorded","S513: https://www.onespan.com/about/leadership [Full official page read]; A006: https://www.onespan.com/about/news/onespan-completes-acquisition-build38 [Official source or authenticated page read; see note]; D010: https://www.linkedin.com/company/onespan/about/ [Authenticated company page read]"
"C034","Strategic exploratory","Docusign / Docusign Ventures","United States","United States","International Strategic Technology Investors","Agreement corporate / venture","https://docusign.com","No transaction comparable to the mandate was qualified. Sources support business/strategy context only.","Not publicly established for this mandate; individual precedents/fund size are not typical tickets.","Hypothesis: Agreement platform and GCC sovereign adjacency","Hypothesis: Agreement platform and GCC sovereign adjacency. Requires an operating sponsor, specific accounts and commercial commitments.","","https://www.linkedin.com/company/docusign/","","No verified mandate for a Circularo minority founder-secondary investment.","Minority/secondary eligibility, stage, cheque size and enforceable commercial support remain unverified.","Discovery screen; company/strategy context, investment fit not established","S117: https://investor.docusign.com/ [Indexed official source; full-page reading not completed]"
"C035","Lower fit / structure risk","Adobe","United States","United States","International Strategic Technology Investors","Enterprise software corporate","https://adobe.com","No transaction comparable to the mandate was qualified. Sources support business/strategy context only.","Not publicly established for this mandate; individual precedents/fund size are not typical tickets.","Hypothesis: Document workflows and regulated deployment adjacency","Hypothesis: Document workflows and regulated deployment adjacency. Requires an operating sponsor, specific accounts and commercial commitments.","","https://www.linkedin.com/company/adobe/","","No verified mandate for a Circularo minority founder-secondary investment.","Size, business adjacency or investment-structure fit needs substantial qualification; customer/channel access alone is insufficient.","Discovery screen; company/strategy context, investment fit not established","S119: https://www.adobe.com/content/dam/cc/in/about-adobe/newsroom/pdfs/archive/AdobeMicrosoftandLinkedInjoinforcestoaccelerateaccountbasedexperience.pdf [Indexed official source; full-page reading not completed]"
"C036","Priority diligence","Cisco Investments","United States","United States","International Strategic Technology Investors","Corporate investment arm","https://ciscoinvestments.com","20 May 2025: participant in TrustCloud strategic round; 18 Feb 2026 official review confirms continued strategic investment activity.","Not publicly established for this mandate; individual precedents/fund size are not typical tickets.","Hypothesis: Security/network ecosystem and enterprise distribution","Hypothesis: security-led enterprise introductions and trusted transaction integrations; G42 relationship is a route to investigate.","Noah Yago — Vice President; Derek Idemoto — Senior Vice President, Corporate Development and Cisco Investments","https://www.linkedin.com/company/cisco-investments/","Noah Yago: https://www.linkedin.com/in/noahyago/; Derek Idemoto: https://www.linkedin.com/in/derekidemoto/","Strategic equity-investment route established; individual cheque and founder-secondary appetite unknown.","Security/AI infrastructure focus may be broader than document execution; investment alone does not guarantee channel engagement.","Detailed qualitative research; public evidence and unresolved transaction gates recorded","S391: https://www.ciscoinvestments.com/posts/2025-year-in-review [Full official page read]; S392: https://www.ciscoinvestments.com/team/noah-yago [Indexed official source; full-page reading not completed]; S389: https://www.ciscoinvestments.com/team [Full official page read]; A002: https://www.trustcloud.ai/press/trustcloud-raises-15m-in-strategic-funding-led-by-servicenow/ [Official source or authenticated page read; see note]; D011: https://www.linkedin.com/company/cisco-investments/about/ [Authenticated company page read]"
"C037","Strategic exploratory","Palo Alto Networks","United States","United States","International Strategic Technology Investors","Cybersecurity corporate","https://paloaltonetworks.com","No transaction comparable to the mandate was qualified. Sources support business/strategy context only.","Not publicly established for this mandate; individual precedents/fund size are not typical tickets.","Hypothesis: Identity/action governance and sovereign customers","Hypothesis: Identity/action governance and sovereign customers. Requires an operating sponsor, specific accounts and commercial commitments.","","https://www.linkedin.com/company/palo-alto-networks/","","No verified mandate for a Circularo minority founder-secondary investment.","Minority/secondary eligibility, stage, cheque size and enforceable commercial support remain unverified.","Discovery screen; company/strategy context, investment fit not established","S260: https://paloaltonetworks.com [Indexed official source; full-page reading not completed]"
"C038","Strategic exploratory","CrowdStrike","United States","United States","International Strategic Technology Investors","Cybersecurity corporate / venture","https://crowdstrike.com","No transaction comparable to the mandate was qualified. Sources support business/strategy context only.","Not publicly established for this mandate; individual precedents/fund size are not typical tickets.","Hypothesis: Security platform and agentic trust adjacency","Hypothesis: Security platform and agentic trust adjacency. Requires an operating sponsor, specific accounts and commercial commitments.","","https://www.linkedin.com/company/crowdstrike/","","No verified mandate for a Circularo minority founder-secondary investment.","Minority/secondary eligibility, stage, cheque size and enforceable commercial support remain unverified.","Discovery screen; company/strategy context, investment fit not established","S266: https://crowdstrike.com [Indexed official source; full-page reading not completed]"
"C039","Strategic exploratory","Fortinet","United States","United States","International Strategic Technology Investors","Cybersecurity corporate","https://fortinet.com","No transaction comparable to the mandate was qualified. Sources support business/strategy context only.","Not publicly established for this mandate; individual precedents/fund size are not typical tickets.","Hypothesis: Government/enterprise security and channel","Hypothesis: Government/enterprise security and channel. Requires an operating sponsor, specific accounts and commercial commitments.","","https://www.linkedin.com/company/fortinet/","","No verified mandate for a Circularo minority founder-secondary investment.","Minority/secondary eligibility, stage, cheque size and enforceable commercial support remain unverified.","Discovery screen; company/strategy context, investment fit not established","S088: https://www.fortinet.com/corporate/about-us/newsroom/press-releases/2023/fortinet-sharpens-business-focus-on-core-growth-areas-to-extend-leadership-and-drive-innovation [Indexed official source; full-page reading not completed]"
"C040","Strategic exploratory","IBM","United States","United States","International Strategic Technology Investors","Enterprise AI / technology corporate","https://ibm.com","No transaction comparable to the mandate was qualified. Sources support business/strategy context only.","Not publicly established for this mandate; individual precedents/fund size are not typical tickets.","Hypothesis: Hybrid cloud, regulated AI and systems integration","Hypothesis: Hybrid cloud, regulated AI and systems integration. Requires an operating sponsor, specific accounts and commercial commitments.","","https://www.linkedin.com/company/ibm/","","No verified mandate for a Circularo minority founder-secondary investment.","Minority/secondary eligibility, stage, cheque size and enforceable commercial support remain unverified.","Discovery screen; company/strategy context, investment fit not established","S085: https://www.ibm.com/investor [Indexed official source; full-page reading not completed]"
"C041","Lower fit / structure risk","Amazon / AWS","United States","United States","International Strategic Technology Investors","Cloud / AI corporate","https://aws.amazon.com","No transaction comparable to the mandate was qualified. Sources support business/strategy context only.","Not publicly established for this mandate; individual precedents/fund size are not typical tickets.","Hypothesis: Cloud marketplace and sovereign/regulated AI integration","Hypothesis: Cloud marketplace and sovereign/regulated AI integration. Requires an operating sponsor, specific accounts and commercial commitments.","","https://www.linkedin.com/company/amazon/","","No verified mandate for a Circularo minority founder-secondary investment.","Size, business adjacency or investment-structure fit needs substantial qualification; customer/channel access alone is insufficient.","Discovery screen; company/strategy context, investment fit not established","S258: https://aws.amazon.com [Indexed official source; full-page reading not completed]"
"C042","Lower fit / structure risk","Oracle","United States","United States","International Strategic Technology Investors","Enterprise software / cloud corporate","https://oracle.com","No transaction comparable to the mandate was qualified. Sources support business/strategy context only.","Not publicly established for this mandate; individual precedents/fund size are not typical tickets.","Hypothesis: ERP/database/cloud channel and evidence workflows","Hypothesis: ERP/database/cloud channel and evidence workflows. Requires an operating sponsor, specific accounts and commercial commitments.","","https://www.linkedin.com/company/oracle/","","No verified mandate for a Circularo minority founder-secondary investment.","Size, business adjacency or investment-structure fit needs substantial qualification; customer/channel access alone is insufficient.","Discovery screen; company/strategy context, investment fit not established","S256: https://oracle.com [Indexed official source; full-page reading not completed]"
"C043","Lower fit / structure risk","Palantir","United States","United States","International Strategic Technology Investors","Enterprise AI software corporate","https://palantir.com","No transaction comparable to the mandate was qualified. Sources support business/strategy context only.","Not publicly established for this mandate; individual precedents/fund size are not typical tickets.","Hypothesis: Operational AI actions and institutional evidence","Hypothesis: Operational AI actions and institutional evidence. Requires an operating sponsor, specific accounts and commercial commitments.","","https://www.linkedin.com/company/palantir-technologies/","","No verified mandate for a Circularo minority founder-secondary investment.","Size, business adjacency or investment-structure fit needs substantial qualification; customer/channel access alone is insufficient.","Discovery screen; company/strategy context, investment fit not established","S107: https://www.palantir.com/about/ [Indexed official source; full-page reading not completed]"
"C044","Lower fit / structure risk","NVIDIA / NVentures","United States","United States","International Strategic Technology Investors","AI infrastructure corporate / venture","https://www.nvidia.com/en-us/startups/nventures/","No transaction comparable to the mandate was qualified. Sources support business/strategy context only.","Not publicly established for this mandate; individual precedents/fund size are not typical tickets.","Hypothesis: AI ecosystem; sovereign trust relevance to validate","Hypothesis: AI ecosystem; sovereign trust relevance to validate. Requires an operating sponsor, specific accounts and commercial commitments.","","https://www.linkedin.com/company/nvidia/","","No verified mandate for a Circularo minority founder-secondary investment.","Size, business adjacency or investment-structure fit needs substantial qualification; customer/channel access alone is insufficient.","Discovery screen; company/strategy context, investment fit not established","S255: https://nventures.ai [Indexed official source; full-page reading not completed]"
"C045","Strategic exploratory","Databricks Ventures","United States","United States","International Strategic Technology Investors","Data / AI corporate venture","https://databricks.com","No transaction comparable to the mandate was qualified. Sources support business/strategy context only.","Not publicly established for this mandate; individual precedents/fund size are not typical tickets.","Hypothesis: Enterprise AI governance and data/evidence ecosystem","Hypothesis: Enterprise AI governance and data/evidence ecosystem. Requires an operating sponsor, specific accounts and commercial commitments.","Philip Kirk — SVP, Corporate Development & Venture Investments","https://www.linkedin.com/company/databricks/","Philip Kirk: https://www.linkedin.com/in/philipjkirk/","No verified mandate for a Circularo minority founder-secondary investment.","Minority/secondary eligibility, stage, cheque size and enforceable commercial support remain unverified.","Discovery screen; company/strategy context, investment fit not established","S105: https://www.databricks.com/databricks-ventures [Indexed official source; full-page reading not completed]"
"C046","Strategic exploratory","SailPoint","United States","United States","International Strategic Technology Investors","Identity-security company","https://sailpoint.com","No transaction comparable to the mandate was qualified. Sources support business/strategy context only.","Not publicly established for this mandate; individual precedents/fund size are not typical tickets.","Hypothesis: Identity governance and non-human authority","Hypothesis: Identity governance and non-human authority. Requires an operating sponsor, specific accounts and commercial commitments.","","https://www.linkedin.com/company/sailpoint-technologies/","","No verified mandate for a Circularo minority founder-secondary investment.","Minority/secondary eligibility, stage, cheque size and enforceable commercial support remain unverified.","Discovery screen; company/strategy context, investment fit not established","S096: https://investor.sailpoint.com/ [Indexed official source; full-page reading not completed]"
"C047","Strategic exploratory","Hyland","United States","United States","International Strategic Technology Investors","Content / workflow company","https://hyland.com","No transaction comparable to the mandate was qualified. Sources support business/strategy context only.","Not publicly established for this mandate; individual precedents/fund size are not typical tickets.","Hypothesis: Enterprise records and sovereign workflow portfolio","Hypothesis: Enterprise records and sovereign workflow portfolio. Requires an operating sponsor, specific accounts and commercial commitments.","","https://www.linkedin.com/company/hyland-ai/","","No verified mandate for a Circularo minority founder-secondary investment.","Minority/secondary eligibility, stage, cheque size and enforceable commercial support remain unverified.","Discovery screen; company/strategy context, investment fit not established","S104: https://site-cdn.hyland.com/www/af58f1f9d0/hyland-global-partners-program-guide-june-2025.pdf?sc_lang=fr [Indexed official source; full-page reading not completed]"
"C048","Strategic exploratory","Box","United States","United States","International Strategic Technology Investors","Content / AI software company","https://box.com","No transaction comparable to the mandate was qualified. Sources support business/strategy context only.","Not publicly established for this mandate; individual precedents/fund size are not typical tickets.","Hypothesis: Content platform and trusted institutional records","Hypothesis: Content platform and trusted institutional records. Requires an operating sponsor, specific accounts and commercial commitments.","","https://www.linkedin.com/company/box/","","No verified mandate for a Circularo minority founder-secondary investment.","Minority/secondary eligibility, stage, cheque size and enforceable commercial support remain unverified.","Discovery screen; company/strategy context, investment fit not established","S246: https://box.com [Indexed official source; full-page reading not completed]"
"C049","Priority diligence","UiPath","United States","United States","International Strategic Technology Investors","Automation / agentic software company","https://uipath.com","12 Mar 2025: Peak acquisition announced to add specialised enterprise agents.","Not publicly established for this mandate; individual precedents/fund size are not typical tickets.","Hypothesis: Trusted execution for automation and AI agents","Hypothesis: use Circularo approvals, signatures and evidence as controls around automated enterprise actions.","Daniel Dines — Founder and Chief Executive Officer","https://www.linkedin.com/company/uipath/","Daniel Dines: https://www.linkedin.com/in/danieldines/","Strategic acquisition evidence; independent minority investment/secondary structure not established.","Strategic fit partly depends on Circularo roadmap or vision, not verified production agentic capabilities; CEO route is senior.","Detailed qualitative research; public evidence and unresolved transaction gates recorded","S625: https://www.uipath.com/newsroom/uipath-acquires-peak-to-launch-vertically-specialized-agents [Full official page read]; S417: https://www.uipath.com/newsroom/daniel-dines-book-the-work-that-remains [Indexed official source; full-page reading not completed]; D012: https://www.linkedin.com/company/uipath/about/ [Authenticated company page read]"
"C050","Strategic exploratory","Automation Anywhere","United States","United States","International Strategic Technology Investors","Automation / agentic software company","https://automationanywhere.com","No transaction comparable to the mandate was qualified. Sources support business/strategy context only.","Not publicly established for this mandate; individual precedents/fund size are not typical tickets.","Hypothesis: Action governance and enterprise automation distribution","Hypothesis: Action governance and enterprise automation distribution. Requires an operating sponsor, specific accounts and commercial commitments.","","https://www.linkedin.com/company/automation-anywhere/","","No verified mandate for a Circularo minority founder-secondary investment.","Minority/secondary eligibility, stage, cheque size and enforceable commercial support remain unverified.","Discovery screen; company/strategy context, investment fit not established","S252: https://automationanywhere.com [Indexed official source; full-page reading not completed]"
"C051","Priority diligence","Signicat","Norway","Europe","International Strategic Technology Investors","Digital identity / trust company","https://signicat.com","14 Jul 2025: Inverid acquisition; selling shareholders reinvested into Signicat.","Not publicly established for this mandate; individual precedents/fund size are not typical tickets.","Hypothesis: European trust ecosystem plus GCC reach","Hypothesis: link European identity/trust services to management-reported GCC sovereign and regulated-enterprise footprint.","Asger Hattel — Chief Executive Officer; Atul Koul Randev — Chief Strategy Officer","https://www.linkedin.com/company/signicat/","Asger Hattel: https://www.linkedin.com/in/asger-hattel-878813/; Atul Koul Randev: https://www.linkedin.com/in/atul-randev/","Seller rollover into acquirer is verified, but not equivalent to Signicat taking a minority in Circularo.","Nordic Capital-backed consolidation model, product overlap and potential control preference.","Detailed qualitative research; public evidence and unresolved transaction gates recorded","S236: https://www.signicat.com/press-releases/signicat-acquires-inverid [Full official page read]; S564: https://www.signicat.com/de/uber-uns [Indexed official source; full-page reading not completed]; A005: https://www.crunchbase.com/organization/signicat [Official source or authenticated page read; see note]; A007: https://www.signicat.com/about [Official source or authenticated page read; see note]; D013: https://www.linkedin.com/company/signicat/about/ [Authenticated company page read]"
"C052","Priority diligence","Namirial","Italy","Europe","International Strategic Technology Investors","Digital trust operating group","https://namirial.com","2025: Namirial–Signaturit combination and Bain majority investment. Official FAQ dates Signaturit acquisition 1 July; company history says groups joined in November. Combination year is supported; exact chronology unresolved. Agentic Trust Services announced 17 Dec 2025.","Not publicly established for this mandate; individual precedents/fund size are not typical tickets.","Hypothesis: Trust/signature consolidation and GCC expansion","Hypothesis: European trust-service integration and enterprise distribution paired with Circularo's reported GCC platform position.","Max Pellegrini — Chief Executive Officer","https://www.linkedin.com/company/namirial/","Max Pellegrini: https://www.linkedin.com/in/maxpellegrini/","Sponsor-backed control consolidation evidenced; minority secondary appetite and strategic rights unknown.","Direct competition and current integration workload; AI trust direction is shared but product maturity must be verified separately. Official pages disagree on the Signaturit combination chronology; verify signed completion dates.","Detailed qualitative research; public evidence and unresolved transaction gates recorded","S393: https://www.namirial.com/en/company/about/ [Full official page read; chronology conflict with S869 remains open]; S869: https://www.namirial.com/en/company/namirial-signaturit/ [Full official page read]; S562: https://www.namirial.com/en/author/m-pellegrini/ [Indexed official source; full-page reading not completed]; A001: https://www.namirial.com/en/news/namirial-introduces-agentic-ai-trust-services/ [Official source or authenticated page read; see note]; D014: https://www.linkedin.com/company/namirial/about/ [Authenticated company page read]"
"C053","Priority diligence","Tinexta / Tinexta Trust","Italy","Europe","International Strategic Technology Investors","Digital-trust / cybersecurity group","https://tinexta.com","Official 2026 pages document takeover/delisting activity and digital-trust/cybersecurity focus; digital-trust group route remains relevant.","Not publicly established for this mandate; individual precedents/fund size are not typical tickets.","Hypothesis: QTSP/cybersecurity portfolio and GCC distribution","Hypothesis: digital-trust portfolio integrations and European regulated-enterprise distribution into GCC use cases.","Danilo Cattaneo — CEO InfoCert; Chairman Camerfirma","https://www.linkedin.com/company/tinexta/","Danilo Cattaneo: https://www.linkedin.com/in/danilocattaneo/","Post-transaction ownership and investment approval route require diligence; no applicable minority mandate established.","Changed corporate ownership, stale InfoCert/Tinexta branding and control acquisition bias. Do not use old listed-company governance assumptions.","Detailed qualitative research; public evidence and unresolved transaction gates recorded","S134: https://tinexta.com/en [Indexed official source; full-page reading not completed]; S378: https://tinexta.com/it-IT/-/ [Indexed official source; full-page reading not completed]; S502: https://tinexta.com/-/media/tinexta/data/media/files/docs/InvestorRelations/Presentazioni_Finanziarie/2025/ENG/CMD_Presentation_060325_ENG.pdf [Indexed official source; full-page reading not completed]; D015: https://www.linkedin.com/company/tinexta/about/ [Authenticated company page read]"
"C054","Strategic exploratory","IDnow","Germany","Europe","International Strategic Technology Investors","Identity verification company","https://idnow.io","No transaction comparable to the mandate was qualified. Sources support business/strategy context only.","Not publicly established for this mandate; individual precedents/fund size are not typical tickets.","Hypothesis: Identity/onboarding plus execution/evidence adjacency","Hypothesis: Identity/onboarding plus execution/evidence adjacency. Requires an operating sponsor, specific accounts and commercial commitments.","","https://www.linkedin.com/company/idnow/","","No verified mandate for a Circularo minority founder-secondary investment.","Minority/secondary eligibility, stage, cheque size and enforceable commercial support remain unverified.","Discovery screen; company/strategy context, investment fit not established","S136: https://idnow.io/about-idnow/ [Indexed official source; full-page reading not completed]"
"C055","Strategic exploratory","Swisscom","Switzerland","Europe","International Strategic Technology Investors","Telecom / digital-trust group","https://swisscom.ch","No transaction comparable to the mandate was qualified. Sources support business/strategy context only.","Not publicly established for this mandate; individual precedents/fund size are not typical tickets.","Hypothesis: Trust services and enterprise digital channel","Hypothesis: Trust services and enterprise digital channel. Requires an operating sponsor, specific accounts and commercial commitments.","","https://www.linkedin.com/company/swisscom/","","No verified mandate for a Circularo minority founder-secondary investment.","Minority/secondary eligibility, stage, cheque size and enforceable commercial support remain unverified.","Discovery screen; company/strategy context, investment fit not established","S138: https://www.swisscom.ch/en/about/company/purpose-vision-values-and-goals.html [Indexed official source; full-page reading not completed]"
"C056","Strategic exploratory","Swiss Post / SwissSign","Switzerland","Europe","International Strategic Technology Investors","Identity / trust operating group","https://swisssign.com","No transaction comparable to the mandate was qualified. Sources support business/strategy context only.","Not publicly established for this mandate; individual precedents/fund size are not typical tickets.","Hypothesis: Digital identity and certificate/signing services","Hypothesis: Digital identity and certificate/signing services. Requires an operating sponsor, specific accounts and commercial commitments.","","https://www.linkedin.com/company/swiss-post/","","No verified mandate for a Circularo minority founder-secondary investment.","Minority/secondary eligibility, stage, cheque size and enforceable commercial support remain unverified.","Discovery screen; company/strategy context, investment fit not established","S135: https://www.swisssign.com/swissid/en/news/detail-page~newsID%3D4d63518b-967d-4941-bc5a-c7193123df46~.html [Indexed official source; full-page reading not completed]"
"C057","Strategic exploratory","Bundesdruckerei Group / D-Trust","Germany","Europe","International Strategic Technology Investors","Sovereign identity / trust group","https://bundesdruckerei.de","No transaction comparable to the mandate was qualified. Sources support business/strategy context only.","Not publicly established for this mandate; individual precedents/fund size are not typical tickets.","Hypothesis: Sovereign identity infrastructure and trust services","Hypothesis: Sovereign identity infrastructure and trust services. Requires an operating sponsor, specific accounts and commercial commitments.","","https://www.linkedin.com/company/bundesdruckerei/","","No verified mandate for a Circularo minority founder-secondary investment.","Minority/secondary eligibility, stage, cheque size and enforceable commercial support remain unverified.","Discovery screen; company/strategy context, investment fit not established","S249: https://bundesdruckerei.de [Indexed official source; full-page reading not completed]"
"C058","Strategic exploratory — parent route","Giesecke+Devrient","Germany","Europe","International Strategic Technology Investors","Security / identity technology group","https://gi-de.com","G+D Ventures portfolio includes digital-identity/security companies; published €50m co-investment vehicle and TrustTech focus.","EUR200k–EUR2m initial, published current venture range; follow-ons possible; parent ticket unknown.","Hypothesis: Identity/security ecosystem and regulated distribution","Hypothesis: identity/security technology integration and access to regulated enterprise/government ecosystems through group businesses.","Michael Hochholzer — Managing Director, G+D Ventures; Assaf Shamia — Managing Director, G+D Ventures","https://www.linkedin.com/company/giesecke-devrient/","Michael Hochholzer: https://www.linkedin.com/in/michael-hochholzer-450a22/; Assaf Shamia: https://www.linkedin.com/in/assafshamia/","Published initial ticket EUR200k–EUR2m; Seed/Series A/selective B, Europe focus. Parent strategic or syndicate route required for mandate.","Venture ticket, stage and geography mismatch; parent ownership sponsorship is a separate unverified route.","Detailed qualitative research; public evidence and unresolved transaction gates recorded","S450: https://www.gi-de.com/en/ventures [Full official page read]; S790: https://www.gi-de.com/corporate/Group/Ventures/GD-Ventures-Trend-Radar-2025.pdf [Indexed official source; full-page reading not completed]; D016: https://www.linkedin.com/company/giesecke-devrient/about/ [Authenticated company page read]"
"C059","Strategic exploratory","Deutsche Telekom / T.Capital","Germany","Europe","International Strategic Technology Investors","Telecom / strategic investment group","https://telekom.com","No transaction comparable to the mandate was qualified. Sources support business/strategy context only.","Not publicly established for this mandate; individual precedents/fund size are not typical tickets.","Hypothesis: Enterprise distribution and sovereign cloud ecosystem","Hypothesis: Enterprise distribution and sovereign cloud ecosystem. Requires an operating sponsor, specific accounts and commercial commitments.","","https://www.linkedin.com/company/telekom/","","No verified mandate for a Circularo minority founder-secondary investment.","Minority/secondary eligibility, stage, cheque size and enforceable commercial support remain unverified.","Discovery screen; company/strategy context, investment fit not established","S131: https://www.telekom.com/en/newsroom/latest-updates/media-information/2025/12/telekom-acquires-stake-in-quantum-systems [Indexed official source; full-page reading not completed]"
"C060","Priority diligence","Thales","France","Europe","International Strategic Technology Investors","Cybersecurity / identity group","https://thalesgroup.com","4 Dec 2023: completion of Imperva acquisition announced; official leadership covers cybersecurity and IAM.","Not publicly established for this mandate; individual precedents/fund size are not typical tickets.","Hypothesis: Government trust/security and global distribution","Hypothesis: secure identity/approval/evidence integrations distributed through regulated-enterprise and government channels.","Eva Rudin — Senior Vice President, Cyber Security Products; Danny de Vreeze — Vice President, Identity & Access Management","https://www.linkedin.com/company/thales/","Eva Rudin: https://www.linkedin.com/in/eva-rudin-909a6713/; Danny de Vreeze: https://www.linkedin.com/in/dannydevreeze/","Strategic acquisition evidence, not an applicable minority secondary mandate.","Large-deal scale, competing products and extensive approval processes; operating sponsor needs corporate-development partner.","Detailed qualitative research; public evidence and unresolved transaction gates recorded","S760: https://cpl.thalesgroup.com/about-us/newsroom/thales-acquires-imperva-global-leader-in-cybersecurity-press-release [Full official page read]; A008: https://cpl.thalesgroup.com/leadership [Official source or authenticated page read; see note]; D017: https://www.linkedin.com/company/thales/about/ [Authenticated company page read]"
"C061","Strategic exploratory","IDEMIA","France","Europe","International Strategic Technology Investors","Identity / security group","https://idemia.com","No transaction comparable to the mandate was qualified. Sources support business/strategy context only.","Not publicly established for this mandate; individual precedents/fund size are not typical tickets.","Hypothesis: National identity and government infrastructure","Hypothesis: National identity and government infrastructure. Requires an operating sponsor, specific accounts and commercial commitments.","","https://www.linkedin.com/company/idemiagroup/","","No verified mandate for a Circularo minority founder-secondary investment.","Minority/secondary eligibility, stage, cheque size and enforceable commercial support remain unverified.","Discovery screen; company/strategy context, investment fit not established","S163: https://www.idemia.com/governance [Indexed official source; full-page reading not completed]"
"C062","Lower fit / structure risk","Atos / Eviden","France","Europe","International Strategic Technology Investors","Enterprise / sovereign technology group","https://atos.net","No transaction comparable to the mandate was qualified. Sources support business/strategy context only.","Not publicly established for this mandate; individual precedents/fund size are not typical tickets.","Hypothesis: Government/cloud integration; capital/restructuring risk","Hypothesis: Government/cloud integration; capital/restructuring risk. Requires an operating sponsor, specific accounts and commercial commitments.","","https://www.linkedin.com/company/eviden/","","No verified mandate for a Circularo minority founder-secondary investment.","Size, business adjacency or investment-structure fit needs substantial qualification; customer/channel access alone is insufficient.","Discovery screen; company/strategy context, investment fit not established","S250: https://atos.net [Indexed official source; full-page reading not completed]"
"C063","Strategic exploratory","WithSecure","Finland","Europe","International Strategic Technology Investors","Cybersecurity company","https://withsecure.com","No transaction comparable to the mandate was qualified. Sources support business/strategy context only.","Not publicly established for this mandate; individual precedents/fund size are not typical tickets.","Hypothesis: European security and enterprise channel","Hypothesis: European security and enterprise channel. Requires an operating sponsor, specific accounts and commercial commitments.","","https://www.linkedin.com/company/withsecure/","","No verified mandate for a Circularo minority founder-secondary investment.","Minority/secondary eligibility, stage, cheque size and enforceable commercial support remain unverified.","Discovery screen; company/strategy context, investment fit not established","S164: https://www.withsecure.com/en/resources-hub/press-releases/european-way/ [Indexed official source; full-page reading not completed]"
"C064","Strategic exploratory","Advania","Sweden","Europe","International Strategic Technology Investors","IT services / technology group","https://advania.com","No transaction comparable to the mandate was qualified. Sources support business/strategy context only.","Not publicly established for this mandate; individual precedents/fund size are not typical tickets.","Hypothesis: European enterprise integration and managed services","Hypothesis: European enterprise integration and managed services. Requires an operating sponsor, specific accounts and commercial commitments.","","https://www.linkedin.com/company/advania/","","No verified mandate for a Circularo minority founder-secondary investment.","Minority/secondary eligibility, stage, cheque size and enforceable commercial support remain unverified.","Discovery screen; company/strategy context, investment fit not established","S157: https://www.advania.com/about-us/our-markets/growth-strategy/ [Indexed official source; full-page reading not completed]"
"C065","Strategic exploratory","IONOS","Germany","Europe","International Strategic Technology Investors","Cloud / hosting company","https://ionos.com","No transaction comparable to the mandate was qualified. Sources support business/strategy context only.","Not publicly established for this mandate; individual precedents/fund size are not typical tickets.","Hypothesis: European sovereign cloud and regulated SMB/enterprise channel","Hypothesis: European sovereign cloud and regulated SMB/enterprise channel. Requires an operating sponsor, specific accounts and commercial commitments.","","https://www.linkedin.com/company/ionos/","","No verified mandate for a Circularo minority founder-secondary investment.","Minority/secondary eligibility, stage, cheque size and enforceable commercial support remain unverified.","Discovery screen; company/strategy context, investment fit not established","S124: https://www.ionos.com/about [Indexed official source; full-page reading not completed]"
"C066","Strategic exploratory","OVHcloud","France","Europe","International Strategic Technology Investors","Sovereign cloud company","https://ovhcloud.com","No transaction comparable to the mandate was qualified. Sources support business/strategy context only.","Not publicly established for this mandate; individual precedents/fund size are not typical tickets.","Hypothesis: Local/sovereign deployment and European cloud distribution","Hypothesis: Local/sovereign deployment and European cloud distribution. Requires an operating sponsor, specific accounts and commercial commitments.","","https://www.linkedin.com/company/ovhgroup/","","No verified mandate for a Circularo minority founder-secondary investment.","Minority/secondary eligibility, stage, cheque size and enforceable commercial support remain unverified.","Discovery screen; company/strategy context, investment fit not established","S122: https://corporate.ovhcloud.com/en-sg/newsroom/news/investor-day-shaping-future/ [Indexed official source; full-page reading not completed]"
"C067","Priority diligence","Orange / Orange Ventures","France","Europe","International Strategic Technology Investors","Telecom / corporate venture","https://orange.com","Orange Ventures official website lists HappyRobot investment 27 Aug 2026 and Biolevate 22 Sep 2026.","Not publicly established for this mandate; individual precedents/fund size are not typical tickets.","Hypothesis: MEA enterprise distribution and security","Hypothesis: Orange Business distribution and security/cloud integration for regulated transaction workflows.","Jerome Berger — Chief Strategy Officer and Venture Capital","https://www.linkedin.com/company/orange/","Jerome Berger: https://www.linkedin.com/in/jerome-berger-a221a7168/","Active corporate venture route; secondary, ownership rights and ticket fit unverified.","MEA reach is not proof of GCC sovereign sales access; pure liquidity may conflict with venture growth objectives.","Detailed qualitative research; public evidence and unresolved transaction gates recorded","S293: https://ventures.orange.com/ [Indexed official source; full-page reading not completed]; S294: https://newsroom.orange.com/orange-strengthens-its-life-sciences-innovation-ecosystem-with-investment-in-french-health-tech-start-up-biolevate-500233/?didomi=&lang=fra [Indexed official source; full-page reading not completed]; D018: https://www.linkedin.com/company/orange/about/ [Authenticated company page read]"
"C068","Strategic exploratory","Telefónica / Telefónica Ventures","Spain","Europe","International Strategic Technology Investors","Telecom / investment group","https://telefonica.com","No transaction comparable to the mandate was qualified. Sources support business/strategy context only.","Not publicly established for this mandate; individual precedents/fund size are not typical tickets.","Hypothesis: Enterprise digital services and venture ecosystem","Hypothesis: Enterprise digital services and venture ecosystem. Requires an operating sponsor, specific accounts and commercial commitments.","","https://www.linkedin.com/company/telefonica/","","No verified mandate for a Circularo minority founder-secondary investment.","Minority/secondary eligibility, stage, cheque size and enforceable commercial support remain unverified.","Discovery screen; company/strategy context, investment fit not established","S253: https://telefonica.com [Indexed official source; full-page reading not completed]"
"C069","Strategic exploratory","Capgemini","France","Europe","International Strategic Technology Investors","Enterprise technology services","https://capgemini.com","No transaction comparable to the mandate was qualified. Sources support business/strategy context only.","Not publicly established for this mandate; individual precedents/fund size are not typical tickets.","Hypothesis: Government/enterprise transformation and AI integration","Hypothesis: Government/enterprise transformation and AI integration. Requires an operating sponsor, specific accounts and commercial commitments.","","https://www.linkedin.com/company/capgemini/","","No verified mandate for a Circularo minority founder-secondary investment.","Minority/secondary eligibility, stage, cheque size and enforceable commercial support remain unverified.","Discovery screen; company/strategy context, investment fit not established","S268: https://capgemini.com [Indexed official source; full-page reading not completed]"
"C070","Strategic exploratory","Sopra Steria","France","Europe","International Strategic Technology Investors","Enterprise / GovTech services","https://soprasteria.com","No transaction comparable to the mandate was qualified. Sources support business/strategy context only.","Not publicly established for this mandate; individual precedents/fund size are not typical tickets.","Hypothesis: Public-sector workflows and regulated enterprise distribution","Hypothesis: Public-sector workflows and regulated enterprise distribution. Requires an operating sponsor, specific accounts and commercial commitments.","","https://www.linkedin.com/company/soprasteria/","","No verified mandate for a Circularo minority founder-secondary investment.","Minority/secondary eligibility, stage, cheque size and enforceable commercial support remain unverified.","Discovery screen; company/strategy context, investment fit not established","S149: https://acc.investors.soprasteria.com/en/overview/strategy.html [Indexed official source; full-page reading not completed]"
"C071","Lower fit / structure risk","Dassault Systèmes","France","Europe","International Strategic Technology Investors","Enterprise software corporate","https://3ds.com","No transaction comparable to the mandate was qualified. Sources support business/strategy context only.","Not publicly established for this mandate; individual precedents/fund size are not typical tickets.","Hypothesis: Industrial workflows and system transaction evidence","Hypothesis: Industrial workflows and system transaction evidence. Requires an operating sponsor, specific accounts and commercial commitments.","","https://www.linkedin.com/company/dassaultsystemes/","","No verified mandate for a Circularo minority founder-secondary investment.","Size, business adjacency or investment-structure fit needs substantial qualification; customer/channel access alone is insufficient.","Discovery screen; company/strategy context, investment fit not established","S150: https://www.3ds.com/about/company/acquisitions [Indexed official source; full-page reading not completed]"
"C072","Strategic exploratory","Visma","Norway","Europe","International Strategic Technology Investors","Enterprise software group","https://visma.com","No transaction comparable to the mandate was qualified. Sources support business/strategy context only.","Not publicly established for this mandate; individual precedents/fund size are not typical tickets.","Hypothesis: Workflow/finance software portfolio; acquisition bias","Hypothesis: Workflow/finance software portfolio; acquisition bias. Requires an operating sponsor, specific accounts and commercial commitments.","","https://www.linkedin.com/company/visma/","","No verified mandate for a Circularo minority founder-secondary investment.","Minority/secondary eligibility, stage, cheque size and enforceable commercial support remain unverified.","Discovery screen; company/strategy context, investment fit not established","S151: https://www.visma.com/who-we-are [Indexed official source; full-page reading not completed]"
"C073","Strategic exploratory","TeamViewer","Germany","Europe","International Strategic Technology Investors","Enterprise connectivity / automation","https://teamviewer.com","No transaction comparable to the mandate was qualified. Sources support business/strategy context only.","Not publicly established for this mandate; individual precedents/fund size are not typical tickets.","Hypothesis: Secure remote operations and enterprise automation","Hypothesis: Secure remote operations and enterprise automation. Requires an operating sponsor, specific accounts and commercial commitments.","","https://www.linkedin.com/company/teamviewer/","","No verified mandate for a Circularo minority founder-secondary investment.","Minority/secondary eligibility, stage, cheque size and enforceable commercial support remain unverified.","Discovery screen; company/strategy context, investment fit not established","S195: https://www.teamviewer.com/en-au/special/acquisitions/ [Indexed official source; full-page reading not completed]"
"C074","Strategic exploratory","SAP","Germany","Europe","International Strategic Technology Investors","Enterprise software corporate","https://sap.com","No transaction comparable to the mandate was qualified. Sources support business/strategy context only.","Not publicly established for this mandate; individual precedents/fund size are not typical tickets.","Hypothesis: ERP ecosystem and institutional approvals/records","Hypothesis: ERP ecosystem and institutional approvals/records. Requires an operating sponsor, specific accounts and commercial commitments.","","https://www.linkedin.com/company/sap/","","No verified mandate for a Circularo minority founder-secondary investment.","Minority/secondary eligibility, stage, cheque size and enforceable commercial support remain unverified.","Discovery screen; company/strategy context, investment fit not established","S189: https://www.sap.com/investors/en/resources/acquisitions.html [Indexed official source; full-page reading not completed]"
"C075","Strategic exploratory","Accenture / Accenture Ventures","Ireland","Europe","International Strategic Technology Investors","Technology services / corporate venture","https://accenture.com","No transaction comparable to the mandate was qualified. Sources support business/strategy context only.","Not publicly established for this mandate; individual precedents/fund size are not typical tickets.","Hypothesis: Global enterprise distribution and AI transformation","Hypothesis: Global enterprise distribution and AI transformation. Requires an operating sponsor, specific accounts and commercial commitments.","","https://www.linkedin.com/company/accenture/","","No verified mandate for a Circularo minority founder-secondary investment.","Minority/secondary eligibility, stage, cheque size and enforceable commercial support remain unverified.","Discovery screen; company/strategy context, investment fit not established","S261: https://accenture.com [Indexed official source; full-page reading not completed]"
"C076","Strategic exploratory","TechnologyOne","Australia","ANZ","International Strategic Technology Investors","Enterprise / GovTech software","https://www.technology1.com/","No transaction comparable to the mandate was qualified. Sources support business/strategy context only.","Not publicly established for this mandate; individual precedents/fund size are not typical tickets.","Hypothesis: APAC public-sector software and workflows","Hypothesis: APAC public-sector software and workflows. Requires an operating sponsor, specific accounts and commercial commitments.","","https://www.linkedin.com/company/technology-one/","","No verified mandate for a Circularo minority founder-secondary investment.","Minority/secondary eligibility, stage, cheque size and enforceable commercial support remain unverified.","Discovery screen; company/strategy context, investment fit not established","S262: https://technologyonecorp.com [Indexed official source; full-page reading not completed]"
"C077","Lower fit / structure risk","WiseTech Global","Australia","ANZ","International Strategic Technology Investors","Logistics enterprise software","https://wisetechglobal.com","No transaction comparable to the mandate was qualified. Sources support business/strategy context only.","Not publicly established for this mandate; individual precedents/fund size are not typical tickets.","Hypothesis: Trade-document and transaction workflows","Hypothesis: Trade-document and transaction workflows. Requires an operating sponsor, specific accounts and commercial commitments.","","https://www.linkedin.com/company/wisetech-global/","","No verified mandate for a Circularo minority founder-secondary investment.","Size, business adjacency or investment-structure fit needs substantial qualification; customer/channel access alone is insufficient.","Discovery screen; company/strategy context, investment fit not established","S219: https://wisetechglobal.com/what-we-do/our-acquisition-process/ [Indexed official source; full-page reading not completed]"
"C078","Lower fit / structure risk","Data#3","Australia","ANZ","International Strategic Technology Investors","Enterprise technology integrator","https://data3.com","No transaction comparable to the mandate was qualified. Sources support business/strategy context only.","Not publicly established for this mandate; individual precedents/fund size are not typical tickets.","Hypothesis: Australia government/enterprise distribution","Hypothesis: Australia government/enterprise distribution. Requires an operating sponsor, specific accounts and commercial commitments.","","https://www.linkedin.com/company/data3/","","No verified mandate for a Circularo minority founder-secondary investment.","Size, business adjacency or investment-structure fit needs substantial qualification; customer/channel access alone is insufficient.","Discovery screen; company/strategy context, investment fit not established","S220: https://www.data3.com/about/ [Indexed official source; full-page reading not completed]"
"C079","Lower fit / structure risk","Macquarie Capital","Australia","ANZ","International Strategic Technology Investors","Strategic investment / advisory","https://macquarie.com","No transaction comparable to the mandate was qualified. Sources support business/strategy context only.","Not publicly established for this mandate; individual precedents/fund size are not typical tickets.","Hypothesis: Technology capital and international networks","Hypothesis: Technology capital and international networks. Requires an operating sponsor, specific accounts and commercial commitments.","","https://www.linkedin.com/company/macquariegroup/","","No verified mandate for a Circularo minority founder-secondary investment.","Size, business adjacency or investment-structure fit needs substantial qualification; customer/channel access alone is insufficient.","Discovery screen; company/strategy context, investment fit not established","S222: https://www.macquarie.com/is/en/about/company/macquarie-capital.html [Indexed official source; full-page reading not completed]"
"C080","Strategic exploratory","Potentia Capital","Australia / New Zealand","ANZ","Growth Equity / PE","Technology private equity","https://potentiacap.com","No transaction comparable to the mandate was qualified. Sources support business/strategy context only.","Not publicly established for this mandate; individual precedents/fund size are not typical tickets.","Hypothesis: ANZ software scaling and portfolio introductions","Hypothesis: ANZ software scaling and portfolio introductions. Requires an operating sponsor, specific accounts and commercial commitments.","","https://www.linkedin.com/company/potentia-capital/","","No verified mandate for a Circularo minority founder-secondary investment.","Minority/secondary eligibility, stage, cheque size and enforceable commercial support remain unverified.","Discovery screen; company/strategy context, investment fit not established","S263: https://potentiacap.com [Indexed official source; full-page reading not completed]"
"C081","Strategic exploratory","NTT DATA","Japan","Asia","International Strategic Technology Investors","Enterprise / government technology","https://nttdata.com","No transaction comparable to the mandate was qualified. Sources support business/strategy context only.","Not publicly established for this mandate; individual precedents/fund size are not typical tickets.","Hypothesis: Global SI distribution and regulated workflows","Hypothesis: Global SI distribution and regulated workflows. Requires an operating sponsor, specific accounts and commercial commitments.","","https://www.linkedin.com/company/nttdata/","","No verified mandate for a Circularo minority founder-secondary investment.","Minority/secondary eligibility, stage, cheque size and enforceable commercial support remain unverified.","Discovery screen; company/strategy context, investment fit not established","S174: https://www.nttdata.com/global/en/news/press-release/2026/january/010500 [Indexed official source; full-page reading not completed]"
"C082","Strategic exploratory","NEC","Japan","Asia","International Strategic Technology Investors","Identity / technology corporate","https://nec.com","No transaction comparable to the mandate was qualified. Sources support business/strategy context only.","Not publicly established for this mandate; individual precedents/fund size are not typical tickets.","Hypothesis: Digital identity and government technology","Hypothesis: Digital identity and government technology. Requires an operating sponsor, specific accounts and commercial commitments.","","https://www.linkedin.com/company/nec/","","No verified mandate for a Circularo minority founder-secondary investment.","Minority/secondary eligibility, stage, cheque size and enforceable commercial support remain unverified.","Discovery screen; company/strategy context, investment fit not established","S173: https://www.nec.com/en/global/ir/library/annual/2022/management/index.html [Indexed official source; full-page reading not completed]"
"C083","Lower fit / structure risk","Fujitsu","Japan","Asia","International Strategic Technology Investors","Enterprise technology corporate","https://fujitsu.com","No transaction comparable to the mandate was qualified. Sources support business/strategy context only.","Not publicly established for this mandate; individual precedents/fund size are not typical tickets.","Hypothesis: Enterprise/public-sector integration","Hypothesis: Enterprise/public-sector integration. Requires an operating sponsor, specific accounts and commercial commitments.","","https://www.linkedin.com/company/fujitsu/","","No verified mandate for a Circularo minority founder-secondary investment.","Size, business adjacency or investment-structure fit needs substantial qualification; customer/channel access alone is insufficient.","Discovery screen; company/strategy context, investment fit not established","S169: https://www.fujitsu.com/global/documents/about/ir/library/integratedrep/IntegratedReport2020-all.pdf [Indexed official source; full-page reading not completed]"
"C084","Lower fit / structure risk","Hitachi","Japan","Asia","International Strategic Technology Investors","Technology / operating group","https://hitachi.com","No transaction comparable to the mandate was qualified. Sources support business/strategy context only.","Not publicly established for this mandate; individual precedents/fund size are not typical tickets.","Hypothesis: Industrial/government systems and evidence workflows","Hypothesis: Industrial/government systems and evidence workflows. Requires an operating sponsor, specific accounts and commercial commitments.","","https://www.linkedin.com/company/hitachi/","","No verified mandate for a Circularo minority founder-secondary investment.","Size, business adjacency or investment-structure fit needs substantial qualification; customer/channel access alone is insufficient.","Discovery screen; company/strategy context, investment fit not established","S171: https://www.hitachi.com/en/ir/library/irday/ [Indexed official source; full-page reading not completed]"
"C085","Strategic exploratory","Singtel / Singtel Innov8","Singapore","Asia","International Strategic Technology Investors","Telecom / corporate venture","https://singtel.com","No transaction comparable to the mandate was qualified. Sources support business/strategy context only.","Not publicly established for this mandate; individual precedents/fund size are not typical tickets.","Hypothesis: APAC enterprise channel and cybersecurity","Hypothesis: APAC enterprise channel and cybersecurity. Requires an operating sponsor, specific accounts and commercial commitments.","","https://www.linkedin.com/company/singtel/","","No verified mandate for a Circularo minority founder-secondary investment.","Minority/secondary eligibility, stage, cheque size and enforceable commercial support remain unverified.","Discovery screen; company/strategy context, investment fit not established","S197: https://innov8.singtel.com/about-us.html [Indexed official source; full-page reading not completed]"
"C086","Strategic exploratory","ST Engineering","Singapore","Asia","International Strategic Technology Investors","Technology / GovTech group","https://stengg.com","No transaction comparable to the mandate was qualified. Sources support business/strategy context only.","Not publicly established for this mandate; individual precedents/fund size are not typical tickets.","Hypothesis: Government technology and cybersecurity","Hypothesis: Government technology and cybersecurity. Requires an operating sponsor, specific accounts and commercial commitments.","","https://www.linkedin.com/company/st-engineering/","","No verified mandate for a Circularo minority founder-secondary investment.","Minority/secondary eligibility, stage, cheque size and enforceable commercial support remain unverified.","Discovery screen; company/strategy context, investment fit not established","S199: https://www.stengg.com/en/investor-relations/our-investment-case [Indexed official source; full-page reading not completed]"
"C087","Lower fit / structure risk","Temasek","Singapore","Asia","International Strategic Technology Investors","Investment holding company","https://temasek.com.sg","No transaction comparable to the mandate was qualified. Sources support business/strategy context only.","Not publicly established for this mandate; individual precedents/fund size are not typical tickets.","Hypothesis: Global portfolio and enterprise access; deal-size gate","Hypothesis: Global portfolio and enterprise access; deal-size gate. Requires an operating sponsor, specific accounts and commercial commitments.","","https://www.linkedin.com/company/temasek-holdings/","","No verified mandate for a Circularo minority founder-secondary investment.","Size, business adjacency or investment-structure fit needs substantial qualification; customer/channel access alone is insufficient.","Discovery screen; company/strategy context, investment fit not established","S204: https://www.temasek.com.sg/en/news-and-resources/news-room/news/2026/temasek-announces-plans-to-expand-presence-in-the-middle-east [Indexed official source; full-page reading not completed]"
"C088","Strategic exploratory","KDDI / KDDI Open Innovation Fund","Japan","Asia","International Strategic Technology Investors","Telecom / corporate venture","https://kddi.com","No transaction comparable to the mandate was qualified. Sources support business/strategy context only.","Not publicly established for this mandate; individual precedents/fund size are not typical tickets.","Hypothesis: Japan enterprise distribution and technology ecosystem","Hypothesis: Japan enterprise distribution and technology ecosystem. Requires an operating sponsor, specific accounts and commercial commitments.","","https://www.linkedin.com/company/kddi-corporation/","","No verified mandate for a Circularo minority founder-secondary investment.","Minority/secondary eligibility, stage, cheque size and enforceable commercial support remain unverified.","Discovery screen; company/strategy context, investment fit not established","S200: https://www.kddi.com/ventures/koif/ [Indexed official source; full-page reading not completed]"
"C089","Strategic exploratory","Tata Communications","India","Asia","International Strategic Technology Investors","Digital infrastructure / telecom","https://tatacommunications.com","No transaction comparable to the mandate was qualified. Sources support business/strategy context only.","Not publicly established for this mandate; individual precedents/fund size are not typical tickets.","Hypothesis: Global enterprise network and cloud/security","Hypothesis: Global enterprise network and cloud/security. Requires an operating sponsor, specific accounts and commercial commitments.","","https://www.linkedin.com/company/tata-communication/","","No verified mandate for a Circularo minority founder-secondary investment.","Minority/secondary eligibility, stage, cheque size and enforceable commercial support remain unverified.","Discovery screen; company/strategy context, investment fit not established","S259: https://tatacommunications.com [Indexed official source; full-page reading not completed]"
"C090","Strategic exploratory","Tech Mahindra","India","Asia","International Strategic Technology Investors","Enterprise / telecom integrator","https://techmahindra.com","No transaction comparable to the mandate was qualified. Sources support business/strategy context only.","Not publicly established for this mandate; individual precedents/fund size are not typical tickets.","Hypothesis: Global enterprise and telco transformation","Hypothesis: Global enterprise and telco transformation. Requires an operating sponsor, specific accounts and commercial commitments.","","https://www.linkedin.com/company/tech-mahindra/","","No verified mandate for a Circularo minority founder-secondary investment.","Minority/secondary eligibility, stage, cheque size and enforceable commercial support remain unverified.","Discovery screen; company/strategy context, investment fit not established","S184: https://www.techmahindra.com/insights/press-releases/tech-mahindra-announces-the-acquisition-of-avant-techno-solutions/ [Indexed official source; full-page reading not completed]"
"C091","Financial alternative","Hg","UK / global","Global PE / growth","Growth Equity / PE","Technology private equity","https://hgcapital.com","No transaction comparable to the mandate was qualified. Sources support business/strategy context only.","Not publicly established for this mandate; individual precedents/fund size are not typical tickets.","Hypothesis: Software portfolio and scaling; control/size gate","Hypothesis: Software portfolio and scaling; control/size gate. Requires an operating sponsor, specific accounts and commercial commitments.","","https://www.linkedin.com/company/hgcapital/","","No verified mandate for a Circularo minority founder-secondary investment.","Size, business adjacency or investment-structure fit needs substantial qualification; customer/channel access alone is insufficient.","Discovery screen; company/strategy context, investment fit not established","S242: https://hgcapital.com [Indexed official source; full-page reading not completed]"
"C092","Financial alternative","TA Associates","United States / global","Global PE / growth","Growth Equity / PE","Growth private equity","https://ta.com","No transaction comparable to the mandate was qualified. Sources support business/strategy context only.","Not publicly established for this mandate; individual precedents/fund size are not typical tickets.","Hypothesis: Profitable software scaling; minority/secondary route","Hypothesis: Profitable software scaling; minority/secondary route. Requires an operating sponsor, specific accounts and commercial commitments.","","https://www.linkedin.com/company/ta-associates/","","No verified mandate for a Circularo minority founder-secondary investment.","Minority/secondary eligibility, stage, cheque size and enforceable commercial support remain unverified.","Discovery screen; company/strategy context, investment fit not established","S183: https://www.ta.com/news/smarttrade-announces-strategic-investment-from-ta-alongside-ceo-and-management/ [Indexed official source; full-page reading not completed]"
"C093","Financial alternative","Summit Partners","United States / global","Global PE / growth","Growth Equity / PE","Growth equity","https://summitpartners.com","No transaction comparable to the mandate was qualified. Sources support business/strategy context only.","Not publicly established for this mandate; individual precedents/fund size are not typical tickets.","Hypothesis: Bootstrapped software growth and founder liquidity","Hypothesis: Bootstrapped software growth and founder liquidity. Requires an operating sponsor, specific accounts and commercial commitments.","","https://www.linkedin.com/company/summit-partners_2/","","No verified mandate for a Circularo minority founder-secondary investment.","Minority/secondary eligibility, stage, cheque size and enforceable commercial support remain unverified.","Discovery screen; company/strategy context, investment fit not established","S232: https://www.summitpartners.com/news/2024-year-in-review-summit-partners-portfolio-companies-complete-acquisitions [Indexed official source; full-page reading not completed]"
"C094","Financial alternative","General Atlantic","United States / global","Global PE / growth","Growth Equity / PE","Growth equity","https://generalatlantic.com","No transaction comparable to the mandate was qualified. Sources support business/strategy context only.","Not publicly established for this mandate; individual precedents/fund size are not typical tickets.","Hypothesis: Technology growth and international distribution","Hypothesis: Technology growth and international distribution. Requires an operating sponsor, specific accounts and commercial commitments.","","https://www.linkedin.com/company/general-atlantic/","","No verified mandate for a Circularo minority founder-secondary investment.","Size, business adjacency or investment-structure fit needs substantial qualification; customer/channel access alone is insufficient.","Discovery screen; company/strategy context, investment fit not established","S233: https://www.generalatlantic.com/our-story/ [Indexed official source; full-page reading not completed]"
"C095","Financial alternative","Insight Partners","United States / global","Global PE / growth","Growth Equity / PE","Software investor","https://insightpartners.com","No transaction comparable to the mandate was qualified. Sources support business/strategy context only.","Not publicly established for this mandate; individual precedents/fund size are not typical tickets.","Hypothesis: Software scaling and commercial operating resources","Hypothesis: Software scaling and commercial operating resources. Requires an operating sponsor, specific accounts and commercial commitments.","","https://www.linkedin.com/company/insight--partners/","","No verified mandate for a Circularo minority founder-secondary investment.","Minority/secondary eligibility, stage, cheque size and enforceable commercial support remain unverified.","Discovery screen; company/strategy context, investment fit not established","S229: https://www.insightpartners.com/ [Indexed official source; full-page reading not completed]"
"C096","Financial alternative","Francisco Partners","United States / global","Global PE / growth","Growth Equity / PE","Technology private equity","https://franciscopartners.com","No transaction comparable to the mandate was qualified. Sources support business/strategy context only.","Not publicly established for this mandate; individual precedents/fund size are not typical tickets.","Hypothesis: Trust/security portfolio; control/size gate","Hypothesis: Trust/security portfolio; control/size gate. Requires an operating sponsor, specific accounts and commercial commitments.","","https://www.linkedin.com/company/francisco-partners/","","No verified mandate for a Circularo minority founder-secondary investment.","Size, business adjacency or investment-structure fit needs substantial qualification; customer/channel access alone is insufficient.","Discovery screen; company/strategy context, investment fit not established","S227: https://www.franciscopartners.com/investments [Indexed official source; full-page reading not completed]"
"C097","Financial alternative","PSG Equity","United States / global","Global PE / growth","Growth Equity / PE","Software growth equity","https://psgequity.com","No transaction comparable to the mandate was qualified. Sources support business/strategy context only.","Not publicly established for this mandate; individual precedents/fund size are not typical tickets.","Hypothesis: Lower-middle-market software and digital-trust portfolio","Hypothesis: Lower-middle-market software and digital-trust portfolio. Requires an operating sponsor, specific accounts and commercial commitments.","","https://www.linkedin.com/company/psgequity/","","No verified mandate for a Circularo minority founder-secondary investment.","Minority/secondary eligibility, stage, cheque size and enforceable commercial support remain unverified.","Discovery screen; company/strategy context, investment fit not established","S214: https://updates.psgequity.com/2025-year-in-review/ [Indexed official source; full-page reading not completed]"
"C098","Priority diligence","Five Elms Capital","United States / global","Global PE / growth","Growth Equity / PE","B2B software growth equity","https://fiveelms.com","28 May 2025: Fund VI announcement; current strategy describes tailored software investments and AI growth focus.","Not publicly established for this mandate; individual precedents/fund size are not typical tickets.","Hypothesis: Founder liquidity and software operating support","Hypothesis: strengthen international software sales, retention and partnerships, supported by operating specialists.","Ryan Mandl — Partner; Will Lynn — Director of Business Development","https://www.linkedin.com/company/five-elms-capital/","Ryan Mandl: https://www.linkedin.com/in/ryanmandl/; Will Lynn: https://www.linkedin.com/in/willlynn/","Flexible software-investment strategy established; precise cheque range, minority and founder-secondary eligibility need direct qualification.","Commercial value comes from operating support and introductions; GCC sovereign influence not established.","Detailed qualitative research; public evidence and unresolved transaction gates recorded","S679: https://www.fiveelms.com/ [Full official page read]; S680: https://www.fiveelms.com/five-elms-capital-raises-1-1-billion-fund-vi-to-back-high-growth-software-companies/ [Indexed official source; full-page reading not completed]; S338: https://www.fiveelms.com/team/ [Indexed official source; full-page reading not completed]; D019: https://www.linkedin.com/company/five-elms-capital/about/ [Authenticated company page read]"
"C099","Conditional financial alternative","Level Equity","United States / global","Global PE / growth","Growth Equity / PE","Software growth equity","https://levelequity.com","Current strategy explicitly allows minority and majority investments; 2024 activity includes OnPhase, cplace, FileCloud and Tenovos across different strategies.","US$5m–US$100m+ equity range in 2023 one-pager; historical, current range unconfirmed.","Hypothesis: Minority growth / shareholder liquidity route","Hypothesis: support enterprise-software sales, operational scaling and selective acquisitions while retaining founder leadership.","Ben Levin (Benjamin Levin) — Co-Founder and CEO; Sarah Sommer — Co-Founder and Partner","https://www.linkedin.com/company/level-equity/","Ben Levin (Benjamin Levin): https://www.linkedin.com/in/benjamin-levin-a3116/; Sarah Sommer: https://www.linkedin.com/in/sarah-sommer-14b61227/","2023 one-pager says US$5m–US$100m+ equity investments (historical range). Current strategy typically US$5m+ recurring revenue; brief-reported scale below this.","ARR gate; current cheque and pure secondary acceptance unknown. Structured-capital portfolio must not be presented as equity precedents.","Detailed qualitative research; public evidence and unresolved transaction gates recorded","S211: https://www.levelequity.com/our-business/ [Full official page read]; S215: https://www.levelequity.com/wp-content/uploads/Level-Equity-One-Pager_Q3-2023.pdf [Indexed official source; full-page reading not completed]; S361: https://www.levelequity.com/our-people/ [Indexed official source; full-page reading not completed]; D020: https://www.linkedin.com/company/level-equity/about/ [Authenticated company page read]"
"C100","Financial alternative","Arrowroot Capital","United States / global","Global PE / growth","Growth Equity / PE","Software growth equity","https://arrowrootcapital.com","No transaction comparable to the mandate was qualified. Sources support business/strategy context only.","Not publicly established for this mandate; individual precedents/fund size are not typical tickets.","Hypothesis: Smaller B2B software investments and founder liquidity","Hypothesis: Smaller B2B software investments and founder liquidity. Requires an operating sponsor, specific accounts and commercial commitments.","","https://www.linkedin.com/company/arrowroot-capital/","","No verified mandate for a Circularo minority founder-secondary investment.","Minority/secondary eligibility, stage, cheque size and enforceable commercial support remain unverified.","Discovery screen; company/strategy context, investment fit not established","S209: https://www.arrowrootcapital.com/approach [Indexed official source; full-page reading not completed]"
